{
"lengthUnit": "mil",
"remark": [],
"components": {
	"fields": ["COMPONENT_NO", "COMPONENT_NAME", "LAYER", "X_COORDINATE", "Y_COORDINATE", "ANGLE"],
	"rows": [
		[1, "H1", "T", 4125, -2710, 0],
		[2, "H2", "T", 4455, -2395, 90],
		[3, "H3", "T", 4455, -1857.5, 90],
		[4, "H4", "T", 3850, -1615, 180],
		[5, "SW1", "T", 3830, -2780, 180],
		[6, "U1", "T", 3035, -1620, 0],
		[7, "U3", "T", 4025, -2191.4153, 270],
		[8, "PAD1", "T", 3715.83, -2707.17, 0],
		[9, "PAD2", "T", 3944.17, -2707.17, 0],
		[10, "PAD3", "T", 3715.83, -2852.83, 0],
		[11, "PAD4", "T", 3944.17, -2852.83, 0],
		[12, "PAD5", "T", 3635, -2520, 0],
		[13, "PAD5", "B", 3635, -2520, 0],
		[14, "PAD6", "T", 3635, -2420, 0],
		[15, "PAD6", "B", 3635, -2420, 0],
		[16, "PAD7", "T", 3635, -2320, 0],
		[17, "PAD7", "B", 3635, -2320, 0],
		[18, "PAD8", "T", 3635, -2220, 0],
		[19, "PAD8", "B", 3635, -2220, 0],
		[20, "PAD9", "T", 3635, -2120, 0],
		[21, "PAD9", "B", 3635, -2120, 0],
		[22, "PAD10", "T", 3635, -2020, 0],
		[23, "PAD10", "B", 3635, -2020, 0],
		[24, "PAD11", "T", 3635, -1820, 0],
		[25, "PAD11", "B", 3635, -1820, 0],
		[26, "PAD12", "T", 3635, -1720, 0],
		[27, "PAD12", "B", 3635, -1720, 0],
		[28, "PAD13", "T", 3635, -1620, 0],
		[29, "PAD13", "B", 3635, -1620, 0],
		[30, "PAD14", "T", 3035, -2420, 0],
		[31, "PAD14", "B", 3035, -2420, 0],
		[32, "PAD15", "T", 3035, -2520, 0],
		[33, "PAD15", "B", 3035, -2520, 0],
		[34, "PAD16", "T", 3035, -2620, 0],
		[35, "PAD16", "B", 3035, -2620, 0],
		[36, "PAD17", "T", 3800.4351, -1920, 0],
		[37, "PAD17", "B", 3800.4351, -1920, 0],
		[38, "PAD18", "T", 3800.4351, -2120, 0],
		[39, "PAD18", "B", 3800.4351, -2120, 0],
		[40, "PAD19", "T", 3800.4351, -2220, 0],
		[41, "PAD19", "B", 3800.4351, -2220, 0],
		[42, "PAD20", "T", 3800.4351, -2320, 0],
		[43, "PAD20", "B", 3800.4351, -2320, 0],
		[44, "PAD21", "T", 4025, -2710, 0],
		[45, "PAD21", "B", 4025, -2710, 0],
		[46, "PAD22", "T", 4125, -2710, 0],
		[47, "PAD22", "B", 4125, -2710, 0],
		[48, "PAD23", "T", 4225, -2710, 0],
		[49, "PAD23", "B", 4225, -2710, 0],
		[50, "PAD24", "T", 3950, -1615, 0],
		[51, "PAD24", "B", 3950, -1615, 0],
		[52, "PAD25", "T", 3850, -1615, 0],
		[53, "PAD25", "B", 3850, -1615, 0],
		[54, "PAD26", "T", 3750, -1615, 0],
		[55, "PAD26", "B", 3750, -1615, 0],
		[56, "PAD27", "T", 4455, -2295, 0],
		[57, "PAD27", "B", 4455, -2295, 0],
		[58, "PAD28", "T", 4455, -2395, 0],
		[59, "PAD28", "B", 4455, -2395, 0],
		[60, "PAD29", "T", 4455, -2495, 0],
		[61, "PAD29", "B", 4455, -2495, 0],
		[62, "PAD30", "T", 4455, -1757.5, 0],
		[63, "PAD30", "B", 4455, -1757.5, 0],
		[64, "PAD31", "T", 4455, -1957.5, 0],
		[65, "PAD31", "B", 4455, -1957.5, 0]
	]
},
"pins": {
	"fields": ["PIN_NO", "PIN_NAME", "PIN_X", "PIN_Y", "LAYER", "PIN_TYPE", "NET_NAME", "NET_TYPE", "PAD_SHAPE", "PAD_SIZEX", "PAD_SIZEY", "HOLE_SIZE", "HOLE_LEN", "PAD_ANGLE"],
	"rows": [
		[1, "H1_1", 4025, -2710, "T", "DIP", "POWER_GND", "", "R", 70.866, 70.866, 43.308, 43.308, 0],
		[2, "H1_1", 4025, -2710, "B", "DIP", "POWER_GND", "", "R", 70.866, 70.866, 43.308, 43.308, 0],
		[3, "H1_2", 4125, -2710, "T", "DIP", "POWER_+5V", "", "C", 70.866, 70.866, 43.308, 43.308, 0],
		[4, "H1_2", 4125, -2710, "B", "DIP", "POWER_+5V", "", "C", 70.866, 70.866, 43.308, 43.308, 0],
		[5, "H1_3", 4225, -2710, "T", "DIP", "SERVOOUT", "", "C", 70.866, 70.866, 43.308, 43.308, 0],
		[6, "H1_3", 4225, -2710, "B", "DIP", "SERVOOUT", "", "C", 70.866, 70.866, 43.308, 43.308, 0],
		[7, "H2_1", 4455, -2495, "T", "DIP", "POWER_GND", "", "R", 62, 70.866, 47.244, 47.244, 90],
		[8, "H2_1", 4455, -2495, "B", "DIP", "POWER_GND", "", "R", 62, 70.866, 47.244, 47.244, 90],
		[9, "H2_2", 4455, -2395, "T", "DIP", "POWER_+5V", "", "C", 70.866, 70.866, 47.244, 47.244, 90],
		[10, "H2_2", 4455, -2395, "B", "DIP", "POWER_+5V", "", "C", 70.866, 70.866, 47.244, 47.244, 90],
		[11, "H2_3", 4455, -2295, "T", "DIP", "THROTTLEIN", "", "C", 70.866, 70.866, 47.244, 47.244, 90],
		[12, "H2_3", 4455, -2295, "B", "DIP", "THROTTLEIN", "", "C", 70.866, 70.866, 47.244, 47.244, 90],
		[13, "H3_1", 4455, -1957.5, "T", "DIP", "POWER_GND", "", "R", 62, 70.866, 47.244, 47.244, 90],
		[14, "H3_1", 4455, -1957.5, "B", "DIP", "POWER_GND", "", "R", 62, 70.866, 47.244, 47.244, 90],
		[15, "H3_2", 4455, -1857.5, "T", "DIP", "NET_1", "", "C", 70.866, 70.866, 47.244, 47.244, 90],
		[16, "H3_2", 4455, -1857.5, "B", "DIP", "NET_1", "", "C", 70.866, 70.866, 47.244, 47.244, 90],
		[17, "H3_3", 4455, -1757.5, "T", "DIP", "SERVOIN", "", "C", 70.866, 70.866, 47.244, 47.244, 90],
		[18, "H3_3", 4455, -1757.5, "B", "DIP", "SERVOIN", "", "C", 70.866, 70.866, 47.244, 47.244, 90],
		[19, "H4_1", 3950, -1615, "T", "DIP", "POWER_GND", "", "R", 70.866, 70.866, 43.308, 43.308, 180],
		[20, "H4_1", 3950, -1615, "B", "DIP", "POWER_GND", "", "R", 70.866, 70.866, 43.308, 43.308, 180],
		[21, "H4_2", 3850, -1615, "T", "DIP", "POWER_+5V", "", "C", 70.866, 70.866, 43.308, 43.308, 180],
		[22, "H4_2", 3850, -1615, "B", "DIP", "POWER_+5V", "", "C", 70.866, 70.866, 43.308, 43.308, 180],
		[23, "H4_3", 3750, -1615, "T", "DIP", "NET_2", "", "C", 70.866, 70.866, 43.308, 43.308, 180],
		[24, "H4_3", 3750, -1615, "B", "DIP", "NET_2", "", "C", 70.866, 70.866, 43.308, 43.308, 180],
		[25, "SW1_1", 3944.17, -2852.83, "T", "SMD", "RST", "", "R", 39.37, 35.433, 0, 0, 180],
		[26, "SW1_2", 3715.83, -2852.83, "T", "SMD", "RST", "", "R", 39.37, 35.433, 0, 0, 180],
		[27, "SW1_3", 3944.17, -2707.17, "T", "SMD", "POWER_GND", "", "R", 39.37, 35.433, 0, 0, 180],
		[28, "SW1_4", 3715.83, -2707.17, "T", "SMD", "POWER_GND", "", "R", 39.37, 35.433, 0, 0, 180],
		[29, "U1_1", 3635, -2720, "T", "DIP", "NET_3", "", "R", 62.9921, 62.9921, 31.4961, 31.4961, 0],
		[30, "U1_1", 3635, -2720, "B", "DIP", "NET_3", "", "R", 62.9921, 62.9921, 31.4961, 31.4961, 0],
		[31, "U1_2", 3635, -2620, "T", "DIP", "NET_4", "", "C", 62.9921, 62.9921, 31.4961, 31.4961, 0],
		[32, "U1_2", 3635, -2620, "B", "DIP", "NET_4", "", "C", 62.9921, 62.9921, 31.4961, 31.4961, 0],
		[33, "U1_3", 3635, -2520, "T", "DIP", "POWER_GND", "", "C", 62.9921, 62.9921, 31.4961, 31.4961, 0],
		[34, "U1_3", 3635, -2520, "B", "DIP", "POWER_GND", "", "C", 62.9921, 62.9921, 31.4961, 31.4961, 0],
		[35, "U1_4", 3635, -2420, "T", "DIP", "POWER_GND", "", "C", 62.9921, 62.9921, 31.4961, 31.4961, 0],
		[36, "U1_4", 3635, -2420, "B", "DIP", "POWER_GND", "", "C", 62.9921, 62.9921, 31.4961, 31.4961, 0],
		[37, "U1_5", 3635, -2320, "T", "DIP", "SDA", "", "C", 62.9921, 62.9921, 31.4961, 31.4961, 0],
		[38, "U1_5", 3635, -2320, "B", "DIP", "SDA", "", "C", 62.9921, 62.9921, 31.4961, 31.4961, 0],
		[39, "U1_6", 3635, -2220, "T", "DIP", "SCL", "", "C", 62.9921, 62.9921, 31.4961, 31.4961, 0],
		[40, "U1_6", 3635, -2220, "B", "DIP", "SCL", "", "C", 62.9921, 62.9921, 31.4961, 31.4961, 0],
		[41, "U1_7", 3635, -2120, "T", "DIP", "$1N2479", "", "C", 62.9921, 62.9921, 31.4961, 31.4961, 0],
		[42, "U1_7", 3635, -2120, "B", "DIP", "$1N2479", "", "C", 62.9921, 62.9921, 31.4961, 31.4961, 0],
		[43, "U1_8", 3635, -2020, "T", "DIP", "SERVOOUT", "", "C", 62.9921, 62.9921, 31.4961, 31.4961, 0],
		[44, "U1_8", 3635, -2020, "B", "DIP", "SERVOOUT", "", "C", 62.9921, 62.9921, 31.4961, 31.4961, 0],
		[45, "U1_9", 3635, -1920, "T", "DIP", "NET_5", "", "C", 62.9921, 62.9921, 31.4961, 31.4961, 0],
		[46, "U1_9", 3635, -1920, "B", "DIP", "NET_5", "", "C", 62.9921, 62.9921, 31.4961, 31.4961, 0],
		[47, "U1_10", 3635, -1820, "T", "DIP", "THROTTLEIN", "", "C", 62.9921, 62.9921, 31.4961, 31.4961, 0],
		[48, "U1_10", 3635, -1820, "B", "DIP", "THROTTLEIN", "", "C", 62.9921, 62.9921, 31.4961, 31.4961, 0],
		[49, "U1_11", 3635, -1720, "T", "DIP", "SERVOIN", "", "C", 62.9921, 62.9921, 31.4961, 31.4961, 0],
		[50, "U1_11", 3635, -1720, "B", "DIP", "SERVOIN", "", "C", 62.9921, 62.9921, 31.4961, 31.4961, 0],
		[51, "U1_12", 3635, -1620, "T", "DIP", "NET_2", "", "C", 62.9921, 62.9921, 31.4961, 31.4961, 0],
		[52, "U1_12", 3635, -1620, "B", "DIP", "NET_2", "", "C", 62.9921, 62.9921, 31.4961, 31.4961, 0],
		[53, "U1_13", 3035, -1620, "T", "DIP", "NET_6", "", "C", 62.9921, 62.9921, 31.4961, 31.4961, 0],
		[54, "U1_13", 3035, -1620, "B", "DIP", "NET_6", "", "C", 62.9921, 62.9921, 31.4961, 31.4961, 0],
		[55, "U1_14", 3035, -1720, "T", "DIP", "NET_7", "", "C", 62.9921, 62.9921, 31.4961, 31.4961, 0],
		[56, "U1_14", 3035, -1720, "B", "DIP", "NET_7", "", "C", 62.9921, 62.9921, 31.4961, 31.4961, 0],
		[57, "U1_15", 3035, -1820, "T", "DIP", "NET_8", "", "C", 62.9921, 62.9921, 31.4961, 31.4961, 0],
		[58, "U1_15", 3035, -1820, "B", "DIP", "NET_8", "", "C", 62.9921, 62.9921, 31.4961, 31.4961, 0],
		[59, "U1_16", 3035, -1920, "T", "DIP", "NET_9", "", "C", 62.9921, 62.9921, 31.4961, 31.4961, 0],
		[60, "U1_16", 3035, -1920, "B", "DIP", "NET_9", "", "C", 62.9921, 62.9921, 31.4961, 31.4961, 0],
		[61, "U1_17", 3035, -2020, "T", "DIP", "NET_10", "", "C", 62.9921, 62.9921, 31.4961, 31.4961, 0],
		[62, "U1_17", 3035, -2020, "B", "DIP", "NET_10", "", "C", 62.9921, 62.9921, 31.4961, 31.4961, 0],
		[63, "U1_18", 3035, -2120, "T", "DIP", "NET_11", "", "C", 62.9921, 62.9921, 31.4961, 31.4961, 0],
		[64, "U1_18", 3035, -2120, "B", "DIP", "NET_11", "", "C", 62.9921, 62.9921, 31.4961, 31.4961, 0],
		[65, "U1_19", 3035, -2220, "T", "DIP", "NET_12", "", "C", 62.9921, 62.9921, 31.4961, 31.4961, 0],
		[66, "U1_19", 3035, -2220, "B", "DIP", "NET_12", "", "C", 62.9921, 62.9921, 31.4961, 31.4961, 0],
		[67, "U1_20", 3035, -2320, "T", "DIP", "NET_13", "", "C", 62.9921, 62.9921, 31.4961, 31.4961, 0],
		[68, "U1_20", 3035, -2320, "B", "DIP", "NET_13", "", "C", 62.9921, 62.9921, 31.4961, 31.4961, 0],
		[69, "U1_21", 3035, -2420, "T", "DIP", "POWER_+5V", "", "C", 62.9921, 62.9921, 31.4961, 31.4961, 0],
		[70, "U1_21", 3035, -2420, "B", "DIP", "POWER_+5V", "", "C", 62.9921, 62.9921, 31.4961, 31.4961, 0],
		[71, "U1_22", 3035, -2520, "T", "DIP", "RST", "", "C", 62.9921, 62.9921, 31.4961, 31.4961, 0],
		[72, "U1_22", 3035, -2520, "B", "DIP", "RST", "", "C", 62.9921, 62.9921, 31.4961, 31.4961, 0],
		[73, "U1_23", 3035, -2620, "T", "DIP", "POWER_GND", "", "C", 62.9921, 62.9921, 31.4961, 31.4961, 0],
		[74, "U1_23", 3035, -2620, "B", "DIP", "POWER_GND", "", "C", 62.9921, 62.9921, 31.4961, 31.4961, 0],
		[75, "U1_24", 3035, -2720, "T", "DIP", "NET_14", "", "C", 62.9921, 62.9921, 31.4961, 31.4961, 0],
		[76, "U1_24", 3035, -2720, "B", "DIP", "NET_14", "", "C", 62.9921, 62.9921, 31.4961, 31.4961, 0],
		[77, "U3_0", 3800.4351, -1920, "T", "DIP", "POWER_+5V", "", "C", 70, 70, 39.3701, 39.3701, 0],
		[78, "U3_0", 3800.4351, -1920, "B", "DIP", "POWER_+5V", "", "C", 70, 70, 39.3701, 39.3701, 0],
		[79, "U3_1", 3800.4351, -2020, "T", "DIP", "NET_15", "", "C", 70, 70, 39.3701, 39.3701, 0],
		[80, "U3_1", 3800.4351, -2020, "B", "DIP", "NET_15", "", "C", 70, 70, 39.3701, 39.3701, 0],
		[81, "U3_2", 3800.4351, -2120, "T", "DIP", "POWER_GND", "", "C", 70, 70, 39.3701, 39.3701, 0],
		[82, "U3_2", 3800.4351, -2120, "B", "DIP", "POWER_GND", "", "C", 70, 70, 39.3701, 39.3701, 0],
		[83, "U3_3", 3800.4351, -2220, "T", "DIP", "SCL", "", "C", 70, 70, 39.3701, 39.3701, 0],
		[84, "U3_3", 3800.4351, -2220, "B", "DIP", "SCL", "", "C", 70, 70, 39.3701, 39.3701, 0],
		[85, "U3_4", 3800.4351, -2320, "T", "DIP", "SDA", "", "C", 70, 70, 39.3701, 39.3701, 0],
		[86, "U3_4", 3800.4351, -2320, "B", "DIP", "SDA", "", "C", 70, 70, 39.3701, 39.3701, 0],
		[87, "U3_5", 3800.4351, -2420, "T", "DIP", "NET_16", "", "C", 70, 70, 39.3701, 39.3701, 0],
		[88, "U3_5", 3800.4351, -2420, "B", "DIP", "NET_16", "", "C", 70, 70, 39.3701, 39.3701, 0],
		[89, "U3_6", 4300.4351, -1920, "T", "DIP", "NET_17", "", "C", 70, 70, 39.3701, 39.3701, 0],
		[90, "U3_6", 4300.4351, -1920, "B", "DIP", "NET_17", "", "C", 70, 70, 39.3701, 39.3701, 0],
		[91, "U3_7", 4300.4351, -2020, "T", "DIP", "NET_18", "", "C", 70, 70, 39.3701, 39.3701, 0],
		[92, "U3_7", 4300.4351, -2020, "B", "DIP", "NET_18", "", "C", 70, 70, 39.3701, 39.3701, 0],
		[93, "U3_8", 4300.4351, -2120, "T", "DIP", "NET_19", "", "C", 70, 70, 39.3701, 39.3701, 0],
		[94, "U3_8", 4300.4351, -2120, "B", "DIP", "NET_19", "", "C", 70, 70, 39.3701, 39.3701, 0],
		[95, "U3_9", 4300.4351, -2220, "T", "DIP", "NET_20", "", "C", 70, 70, 39.3701, 39.3701, 0],
		[96, "U3_9", 4300.4351, -2220, "B", "DIP", "NET_20", "", "C", 70, 70, 39.3701, 39.3701, 0],
		[97, "U3_10", 4300.4351, -2320, "T", "DIP", "NET_21", "", "C", 70, 70, 39.3701, 39.3701, 0],
		[98, "U3_10", 4300.4351, -2320, "B", "DIP", "NET_21", "", "C", 70, 70, 39.3701, 39.3701, 0],
		[99, "U3_P$1", 4300.4351, -1770, "T", "DIP", "NET_22", "", "C", 125.9843, 125.9843, 98.4252, 98.4252, 270],
		[100, "U3_P$1", 4300.4351, -1770, "B", "DIP", "NET_22", "", "C", 125.9843, 125.9843, 98.4252, 98.4252, 270],
		[101, "U3_P$1", 3800.4351, -1770, "T", "DIP", "NET_23", "", "C", 125.9843, 125.9843, 98.4252, 98.4252, 270],
		[102, "U3_P$1", 3800.4351, -1770, "B", "DIP", "NET_23", "", "C", 125.9843, 125.9843, 98.4252, 98.4252, 270],
		[103, "U3_P$1", 4300.4351, -2570, "T", "DIP", "NET_24", "", "C", 125.9843, 125.9843, 98.4252, 98.4252, 270],
		[104, "U3_P$1", 4300.4351, -2570, "B", "DIP", "NET_24", "", "C", 125.9843, 125.9843, 98.4252, 98.4252, 270],
		[105, "U3_P$1", 3800.4351, -2570, "T", "DIP", "NET_25", "", "C", 125.9843, 125.9843, 98.4252, 98.4252, 270],
		[106, "U3_P$1", 3800.4351, -2570, "B", "DIP", "NET_25", "", "C", 125.9843, 125.9843, 98.4252, 98.4252, 270],
		[107, "PAD1_4", 3715.83, -2707.17, "T", "SMD", "POWER_GND", "", "R", 39.37, 35.433, 0, 0, 180],
		[108, "PAD2_3", 3944.17, -2707.17, "T", "SMD", "POWER_GND", "", "R", 39.37, 35.433, 0, 0, 180],
		[109, "PAD3_2", 3715.83, -2852.83, "T", "SMD", "RST", "", "R", 39.37, 35.433, 0, 0, 180],
		[110, "PAD4_1", 3944.17, -2852.83, "T", "SMD", "RST", "", "R", 39.37, 35.433, 0, 0, 180],
		[111, "PAD5_3", 3635, -2520, "T", "DIP", "POWER_GND", "", "C", 62.9921, 62.9921, 31.4961, 31.4961, 0],
		[112, "PAD5_3", 3635, -2520, "B", "DIP", "POWER_GND", "", "C", 62.9921, 62.9921, 31.4961, 31.4961, 0],
		[113, "PAD6_4", 3635, -2420, "T", "DIP", "POWER_GND", "", "C", 62.9921, 62.9921, 31.4961, 31.4961, 0],
		[114, "PAD6_4", 3635, -2420, "B", "DIP", "POWER_GND", "", "C", 62.9921, 62.9921, 31.4961, 31.4961, 0],
		[115, "PAD7_5", 3635, -2320, "T", "DIP", "SDA", "", "C", 62.9921, 62.9921, 31.4961, 31.4961, 0],
		[116, "PAD7_5", 3635, -2320, "B", "DIP", "SDA", "", "C", 62.9921, 62.9921, 31.4961, 31.4961, 0],
		[117, "PAD8_6", 3635, -2220, "T", "DIP", "SCL", "", "C", 62.9921, 62.9921, 31.4961, 31.4961, 0],
		[118, "PAD8_6", 3635, -2220, "B", "DIP", "SCL", "", "C", 62.9921, 62.9921, 31.4961, 31.4961, 0],
		[119, "PAD9_7", 3635, -2120, "T", "DIP", "$1N2479", "", "C", 62.9921, 62.9921, 31.4961, 31.4961, 0],
		[120, "PAD9_7", 3635, -2120, "B", "DIP", "$1N2479", "", "C", 62.9921, 62.9921, 31.4961, 31.4961, 0],
		[121, "PAD10_8", 3635, -2020, "T", "DIP", "SERVOOUT", "", "C", 62.9921, 62.9921, 31.4961, 31.4961, 0],
		[122, "PAD10_8", 3635, -2020, "B", "DIP", "SERVOOUT", "", "C", 62.9921, 62.9921, 31.4961, 31.4961, 0],
		[123, "PAD11_10", 3635, -1820, "T", "DIP", "THROTTLEIN", "", "C", 62.9921, 62.9921, 31.4961, 31.4961, 0],
		[124, "PAD11_10", 3635, -1820, "B", "DIP", "THROTTLEIN", "", "C", 62.9921, 62.9921, 31.4961, 31.4961, 0],
		[125, "PAD12_11", 3635, -1720, "T", "DIP", "SERVOIN", "", "C", 62.9921, 62.9921, 31.4961, 31.4961, 0],
		[126, "PAD12_11", 3635, -1720, "B", "DIP", "SERVOIN", "", "C", 62.9921, 62.9921, 31.4961, 31.4961, 0],
		[127, "PAD13_12", 3635, -1620, "T", "DIP", "NET_2", "", "C", 62.9921, 62.9921, 31.4961, 31.4961, 0],
		[128, "PAD13_12", 3635, -1620, "B", "DIP", "NET_2", "", "C", 62.9921, 62.9921, 31.4961, 31.4961, 0],
		[129, "PAD14_21", 3035, -2420, "T", "DIP", "POWER_+5V", "", "C", 62.9921, 62.9921, 31.4961, 31.4961, 0],
		[130, "PAD14_21", 3035, -2420, "B", "DIP", "POWER_+5V", "", "C", 62.9921, 62.9921, 31.4961, 31.4961, 0],
		[131, "PAD15_22", 3035, -2520, "T", "DIP", "RST", "", "C", 62.9921, 62.9921, 31.4961, 31.4961, 0],
		[132, "PAD15_22", 3035, -2520, "B", "DIP", "RST", "", "C", 62.9921, 62.9921, 31.4961, 31.4961, 0],
		[133, "PAD16_23", 3035, -2620, "T", "DIP", "POWER_GND", "", "C", 62.9921, 62.9921, 31.4961, 31.4961, 0],
		[134, "PAD16_23", 3035, -2620, "B", "DIP", "POWER_GND", "", "C", 62.9921, 62.9921, 31.4961, 31.4961, 0],
		[135, "PAD17_0", 3800.4351, -1920, "T", "DIP", "POWER_+5V", "", "C", 70, 70, 39.3701, 39.3701, 0],
		[136, "PAD17_0", 3800.4351, -1920, "B", "DIP", "POWER_+5V", "", "C", 70, 70, 39.3701, 39.3701, 0],
		[137, "PAD18_2", 3800.4351, -2120, "T", "DIP", "POWER_GND", "", "C", 70, 70, 39.3701, 39.3701, 0],
		[138, "PAD18_2", 3800.4351, -2120, "B", "DIP", "POWER_GND", "", "C", 70, 70, 39.3701, 39.3701, 0],
		[139, "PAD19_3", 3800.4351, -2220, "T", "DIP", "SCL", "", "C", 70, 70, 39.3701, 39.3701, 0],
		[140, "PAD19_3", 3800.4351, -2220, "B", "DIP", "SCL", "", "C", 70, 70, 39.3701, 39.3701, 0],
		[141, "PAD20_4", 3800.4351, -2320, "T", "DIP", "SDA", "", "C", 70, 70, 39.3701, 39.3701, 0],
		[142, "PAD20_4", 3800.4351, -2320, "B", "DIP", "SDA", "", "C", 70, 70, 39.3701, 39.3701, 0],
		[143, "PAD21_1", 4025, -2710, "T", "DIP", "POWER_GND", "", "R", 70.866, 70.866, 43.308, 43.308, 0],
		[144, "PAD21_1", 4025, -2710, "B", "DIP", "POWER_GND", "", "R", 70.866, 70.866, 43.308, 43.308, 0],
		[145, "PAD22_2", 4125, -2710, "T", "DIP", "POWER_+5V", "", "C", 70.866, 70.866, 43.308, 43.308, 0],
		[146, "PAD22_2", 4125, -2710, "B", "DIP", "POWER_+5V", "", "C", 70.866, 70.866, 43.308, 43.308, 0],
		[147, "PAD23_3", 4225, -2710, "T", "DIP", "SERVOOUT", "", "C", 70.866, 70.866, 43.308, 43.308, 0],
		[148, "PAD23_3", 4225, -2710, "B", "DIP", "SERVOOUT", "", "C", 70.866, 70.866, 43.308, 43.308, 0],
		[149, "PAD24_1", 3950, -1615, "T", "DIP", "POWER_GND", "", "R", 70.866, 70.866, 43.308, 43.308, 180],
		[150, "PAD24_1", 3950, -1615, "B", "DIP", "POWER_GND", "", "R", 70.866, 70.866, 43.308, 43.308, 180],
		[151, "PAD25_2", 3850, -1615, "T", "DIP", "POWER_+5V", "", "C", 70.866, 70.866, 43.308, 43.308, 180],
		[152, "PAD25_2", 3850, -1615, "B", "DIP", "POWER_+5V", "", "C", 70.866, 70.866, 43.308, 43.308, 180],
		[153, "PAD26_3", 3750, -1615, "T", "DIP", "NET_2", "", "C", 70.866, 70.866, 43.308, 43.308, 180],
		[154, "PAD26_3", 3750, -1615, "B", "DIP", "NET_2", "", "C", 70.866, 70.866, 43.308, 43.308, 180],
		[155, "PAD27_3", 4455, -2295, "T", "DIP", "THROTTLEIN", "", "C", 70.866, 70.866, 47.244, 47.244, 90],
		[156, "PAD27_3", 4455, -2295, "B", "DIP", "THROTTLEIN", "", "C", 70.866, 70.866, 47.244, 47.244, 90],
		[157, "PAD28_2", 4455, -2395, "T", "DIP", "POWER_+5V", "", "C", 70.866, 70.866, 47.244, 47.244, 90],
		[158, "PAD28_2", 4455, -2395, "B", "DIP", "POWER_+5V", "", "C", 70.866, 70.866, 47.244, 47.244, 90],
		[159, "PAD29_1", 4455, -2495, "T", "DIP", "POWER_GND", "", "R", 62, 70.866, 47.244, 47.244, 90],
		[160, "PAD29_1", 4455, -2495, "B", "DIP", "POWER_GND", "", "R", 62, 70.866, 47.244, 47.244, 90],
		[161, "PAD30_3", 4455, -1757.5, "T", "DIP", "SERVOIN", "", "C", 70.866, 70.866, 47.244, 47.244, 90],
		[162, "PAD30_3", 4455, -1757.5, "B", "DIP", "SERVOIN", "", "C", 70.866, 70.866, 47.244, 47.244, 90],
		[163, "PAD31_1", 4455, -1957.5, "T", "DIP", "POWER_GND", "", "R", 62, 70.866, 47.244, 47.244, 90],
		[164, "PAD31_1", 4455, -1957.5, "B", "DIP", "POWER_GND", "", "R", 62, 70.866, 47.244, 47.244, 90]
	]
}
}